,round_epochs,val_loss,val_acc,loss,acc,lr,first_neuron,hidden_layers,batch_size,epochs,dropout,weight_regulizer,emb_output_dims,shape,kernel_initializer,optimizer,losses,activation,last_activation
0,100,0.4588989357257055,0.8703703772690561,0.4465540197651937,0.8167330769903631,1.0625,16,3,3,100,0.0,None,None,brick,normal,<class 'keras.optimizers.Nadam'>,<function binary_crossentropy at 0x000002B8A86727B8>,<function relu at 0x000002B8ADC76F28>,<function sigmoid at 0x000002B8ADC850D0>
1,50,0.41678442443824476,0.8611111111111112,0.44875862600051786,0.796812749003984,0.5,64,2,2,50,0.0,None,None,long_funnel,normal,<class 'keras.optimizers.Nadam'>,<function binary_crossentropy at 0x000002B8A86727B8>,<function elu at 0x000002B8ADC76C80>,<function sigmoid at 0x000002B8ADC850D0>
2,100,0.4106543008238077,0.8796296359764205,0.4218718856721523,0.8087649499752607,1.625,8,3,3,100,0.0,None,None,brick,normal,<class 'keras.optimizers.Nadam'>,<function binary_crossentropy at 0x000002B8A86727B8>,<function elu at 0x000002B8ADC76C80>,<function sigmoid at 0x000002B8ADC850D0>
3,100,0.4448578032768435,0.8518518518518519,0.46666350515477684,0.784860558006393,1.625,64,5,4,100,0.0,None,None,long_funnel,uniform,<class 'keras.optimizers.Nadam'>,<function binary_crossentropy at 0x000002B8A86727B8>,<function relu at 0x000002B8ADC76F28>,<function sigmoid at 0x000002B8ADC850D0>
4,150,0.460417865327111,0.8796296296296297,0.46232497490259755,0.8007968128677383,2.75,8,4,4,150,0.0,None,None,long_funnel,normal,<class 'keras.optimizers.Adam'>,<function binary_crossentropy at 0x000002B8A86727B8>,<function relu at 0x000002B8ADC76F28>,<function sigmoid at 0x000002B8ADC850D0>
5,100,0.44834033661970385,0.8796296296296297,0.4472430097866818,0.8247011954565923,2.75,32,5,4,100,0.0,None,None,long_funnel,normal,<class 'keras.optimizers.Nadam'>,<function binary_crossentropy at 0x000002B8A86727B8>,<function relu at 0x000002B8ADC76F28>,<function sigmoid at 0x000002B8ADC850D0>
6,50,0.4397098224748064,0.8611111111111112,0.45881608514434313,0.7968127492414527,3.875,16,2,4,50,0.0,None,None,brick,uniform,<class 'keras.optimizers.Nadam'>,<function binary_crossentropy at 0x000002B8A86727B8>,<function elu at 0x000002B8ADC76C80>,<function sigmoid at 0x000002B8ADC850D0>
7,100,0.4291746642406064,0.8703703703703703,0.48217226680279135,0.7848605577689243,3.875,32,3,2,100,0.0,None,None,brick,uniform,<class 'keras.optimizers.Nadam'>,<function binary_crossentropy at 0x000002B8A86727B8>,<function elu at 0x000002B8ADC76C80>,<function sigmoid at 0x000002B8ADC850D0>
8,150,0.44751487785726096,0.8796296296296297,0.4246305691806945,0.8247011952191236,1.625,64,2,2,150,0.0,None,None,long_funnel,uniform,<class 'keras.optimizers.Nadam'>,<function binary_crossentropy at 0x000002B8A86727B8>,<function relu at 0x000002B8ADC76F28>,<function sigmoid at 0x000002B8ADC850D0>
9,150,0.45911785316032666,0.8611111177338494,0.45570269442233907,0.8127490133640776,4.4375,8,5,3,150,0.0,None,None,long_funnel,uniform,<class 'keras.optimizers.Adam'>,<function binary_crossentropy at 0x000002B8A86727B8>,<function relu at 0x000002B8ADC76F28>,<function sigmoid at 0x000002B8ADC850D0>
10,150,0.42616749125429326,0.8796296359764205,0.42516902231971226,0.8167330755655509,1.625,16,2,3,150,0.0,None,None,long_funnel,normal,<class 'keras.optimizers.Adam'>,<function binary_crossentropy at 0x000002B8A86727B8>,<function relu at 0x000002B8ADC76F28>,<function sigmoid at 0x000002B8ADC850D0>
11,50,0.4173049539396608,0.8703703703703703,0.45960242292320586,0.8087649402390438,1.0625,64,4,2,50,0.0,None,None,brick,uniform,<class 'keras.optimizers.Nadam'>,<function binary_crossentropy at 0x000002B8A86727B8>,<function elu at 0x000002B8ADC76C80>,<function sigmoid at 0x000002B8ADC850D0>
12,100,0.43459847666047235,0.8796296296296297,0.42757201883422424,0.8167330679665523,1.625,32,4,4,100,0.0,None,None,long_funnel,uniform,<class 'keras.optimizers.Adam'>,<function binary_crossentropy at 0x000002B8A86727B8>,<function relu at 0x000002B8ADC76F28>,<function sigmoid at 0x000002B8ADC850D0>
13,150,0.4253173806463127,0.8611111111111112,0.4311265997974521,0.8087649404765125,4.4375,32,2,4,150,0.0,None,None,brick,normal,<class 'keras.optimizers.Nadam'>,<function binary_crossentropy at 0x000002B8A86727B8>,<function elu at 0x000002B8ADC76C80>,<function sigmoid at 0x000002B8ADC850D0>
14,150,0.4548223987117294,0.8796296296296297,0.4482136341057563,0.8167330677290837,3.3125,16,4,1,150,0.0,None,None,long_funnel,normal,<class 'keras.optimizers.Nadam'>,<function binary_crossentropy at 0x000002B8A86727B8>,<function relu at 0x000002B8ADC76F28>,<function sigmoid at 0x000002B8ADC850D0>
15,100,0.46033894181191165,0.8611111111111112,0.45993615544644145,0.8047808764940239,2.1875,16,5,2,100,0.0,None,None,long_funnel,normal,<class 'keras.optimizers.Adam'>,<function binary_crossentropy at 0x000002B8A86727B8>,<function relu at 0x000002B8ADC76F28>,<function sigmoid at 0x000002B8ADC850D0>
16,50,0.4395505250604064,0.8703703703703703,0.4693777499445881,0.7768924305163531,1.625,32,2,4,50,0.0,None,None,long_funnel,uniform,<class 'keras.optimizers.Nadam'>,<function binary_crossentropy at 0x000002B8A86727B8>,<function relu at 0x000002B8ADC76F28>,<function sigmoid at 0x000002B8ADC850D0>
17,150,0.44839930948283935,0.8703703703703703,0.44152350247321853,0.8167330677290837,1.625,16,2,2,150,0.0,None,None,long_funnel,uniform,<class 'keras.optimizers.Nadam'>,<function binary_crossentropy at 0x000002B8A86727B8>,<function relu at 0x000002B8ADC76F28>,<function sigmoid at 0x000002B8ADC850D0>
18,50,0.43149774416384323,0.8611111111111112,0.4613116636753557,0.8167330677290837,3.3125,8,4,2,50,0.0,None,None,long_funnel,normal,<class 'keras.optimizers.Adam'>,<function binary_crossentropy at 0x000002B8A86727B8>,<function elu at 0x000002B8ADC76C80>,<function sigmoid at 0x000002B8ADC850D0>
19,100,0.3908001398667693,0.8796296359764205,0.41952650969573463,0.8127490124142027,1.625,64,3,3,100,0.0,None,None,long_funnel,uniform,<class 'keras.optimizers.Adam'>,<function binary_crossentropy at 0x000002B8A86727B8>,<function elu at 0x000002B8ADC76C80>,<function sigmoid at 0x000002B8ADC850D0>
20,50,0.44761802317333166,0.8703703703703703,0.4734810182205086,0.8087649402390438,3.3125,16,3,2,50,0.0,None,None,brick,normal,<class 'keras.optimizers.Nadam'>,<function binary_crossentropy at 0x000002B8A86727B8>,<function relu at 0x000002B8ADC76F28>,<function sigmoid at 0x000002B8ADC850D0>
21,150,0.4161497475751848,0.8888888888888888,0.4585859837414942,0.8167330677290837,3.3125,64,2,2,150,0.0,None,None,long_funnel,normal,<class 'keras.optimizers.Nadam'>,<function binary_crossentropy at 0x000002B8A86727B8>,<function elu at 0x000002B8ADC76C80>,<function sigmoid at 0x000002B8ADC850D0>
22,50,0.4485420592267204,0.8703703703703703,0.47023012949176046,0.8007968127490039,3.3125,64,2,4,50,0.0,None,None,brick,normal,<class 'keras.optimizers.Nadam'>,<function binary_crossentropy at 0x000002B8A86727B8>,<function relu at 0x000002B8ADC76F28>,<function sigmoid at 0x000002B8ADC850D0>
23,100,0.418955511448008,0.8611111111111112,0.4359138232778268,0.8207171317115723,3.875,16,3,4,100,0.0,None,None,long_funnel,normal,<class 'keras.optimizers.Adam'>,<function binary_crossentropy at 0x000002B8A86727B8>,<function elu at 0x000002B8ADC76C80>,<function sigmoid at 0x000002B8ADC850D0>
24,150,0.45396396368138353,0.8611111111111112,0.43573869301021967,0.8207171314741036,3.875,8,2,2,150,0.0,None,None,long_funnel,normal,<class 'keras.optimizers.Nadam'>,<function binary_crossentropy at 0x000002B8A86727B8>,<function relu at 0x000002B8ADC76F28>,<function sigmoid at 0x000002B8ADC850D0>
25,150,0.40045667439699173,0.8518518518518519,0.40969102384811973,0.8167330677290837,0.5,16,5,1,150,0.0,None,None,brick,normal,<class 'keras.optimizers.Nadam'>,<function binary_crossentropy at 0x000002B8A86727B8>,<function elu at 0x000002B8ADC76C80>,<function sigmoid at 0x000002B8ADC850D0>
26,150,0.4284625038659821,0.8611111111111112,0.42782845246783907,0.8127490039840638,3.875,8,2,2,150,0.0,None,None,long_funnel,normal,<class 'keras.optimizers.Nadam'>,<function binary_crossentropy at 0x000002B8A86727B8>,<function elu at 0x000002B8ADC76C80>,<function sigmoid at 0x000002B8ADC850D0>
27,50,0.4285569187897501,0.8796296296296297,0.4613585358695664,0.8007968127490039,2.1875,64,3,1,50,0.0,None,None,long_funnel,uniform,<class 'keras.optimizers.Adam'>,<function binary_crossentropy at 0x000002B8A86727B8>,<function relu at 0x000002B8ADC76F28>,<function sigmoid at 0x000002B8ADC850D0>
28,100,0.4030348283963071,0.8703703703703703,0.45587694903175197,0.8047808764940239,3.875,8,4,2,100,0.0,None,None,brick,uniform,<class 'keras.optimizers.Adam'>,<function binary_crossentropy at 0x000002B8A86727B8>,<function elu at 0x000002B8ADC76C80>,<function sigmoid at 0x000002B8ADC850D0>
29,100,0.5277883353884574,0.7870370370370371,0.589227699923266,0.6972111553784861,4.4375,16,5,2,100,0.0,None,None,brick,normal,<class 'keras.optimizers.Nadam'>,<function binary_crossentropy at 0x000002B8A86727B8>,<function relu at 0x000002B8ADC76F28>,<function sigmoid at 0x000002B8ADC850D0>
30,50,0.4533720508226435,0.8611111111111112,0.4661187313393174,0.7888446215139442,1.625,8,2,2,50,0.0,None,None,brick,uniform,<class 'keras.optimizers.Adam'>,<function binary_crossentropy at 0x000002B8A86727B8>,<function relu at 0x000002B8ADC76F28>,<function sigmoid at 0x000002B8ADC850D0>
31,100,0.4459322969411948,0.8888888888888888,0.45129310340864714,0.8127490039840638,4.4375,32,2,2,100,0.0,None,None,long_funnel,normal,<class 'keras.optimizers.Nadam'>,<function binary_crossentropy at 0x000002B8A86727B8>,<function elu at 0x000002B8ADC76C80>,<function sigmoid at 0x000002B8ADC850D0>
32,100,0.41741408938024605,0.8796296359764205,0.4135214476679188,0.8247012038867312,2.75,8,3,3,100,0.0,None,None,long_funnel,normal,<class 'keras.optimizers.Adam'>,<function binary_crossentropy at 0x000002B8A86727B8>,<function elu at 0x000002B8ADC76C80>,<function sigmoid at 0x000002B8ADC850D0>
33,50,0.4550698400923499,0.8796296296296297,0.4872620918442944,0.7768924305163531,1.625,8,4,4,50,0.0,None,None,brick,normal,<class 'keras.optimizers.Adam'>,<function binary_crossentropy at 0x000002B8A86727B8>,<function relu at 0x000002B8ADC76F28>,<function sigmoid at 0x000002B8ADC850D0>
34,150,0.4059808463272121,0.8703703772690561,0.4357814852044402,0.8207171389543678,3.3125,8,5,3,150,0.0,None,None,long_funnel,normal,<class 'keras.optimizers.Adam'>,<function binary_crossentropy at 0x000002B8A86727B8>,<function elu at 0x000002B8ADC76C80>,<function sigmoid at 0x000002B8ADC850D0>
35,150,0.4177150719419674,0.8518518518518519,0.44779919215526237,0.8087649403577781,3.875,64,4,4,150,0.0,None,None,brick,normal,<class 'keras.optimizers.Adam'>,<function binary_crossentropy at 0x000002B8A86727B8>,<function elu at 0x000002B8ADC76C80>,<function sigmoid at 0x000002B8ADC850D0>
36,100,0.461050440315847,0.8703703703703703,0.4729937762912526,0.7848605577689243,0.5,8,3,4,100,0.0,None,None,brick,normal,<class 'keras.optimizers.Nadam'>,<function binary_crossentropy at 0x000002B8A86727B8>,<function relu at 0x000002B8ADC76F28>,<function sigmoid at 0x000002B8ADC850D0>
37,100,0.40014256350696087,0.8796296296296297,0.42926044180336226,0.8167330679665523,1.625,16,3,4,100,0.0,None,None,brick,uniform,<class 'keras.optimizers.Adam'>,<function binary_crossentropy at 0x000002B8A86727B8>,<function elu at 0x000002B8ADC76C80>,<function sigmoid at 0x000002B8ADC850D0>
38,50,0.4370123551020192,0.8703703764412138,0.4600185347327673,0.8047808861115064,1.0625,8,3,3,50,0.0,None,None,long_funnel,uniform,<class 'keras.optimizers.Adam'>,<function binary_crossentropy at 0x000002B8A86727B8>,<function elu at 0x000002B8ADC76C80>,<function sigmoid at 0x000002B8ADC850D0>
39,100,0.40606915460968457,0.8703703703703703,0.46238296375836274,0.8007968127490039,3.875,32,5,2,100,0.0,None,None,long_funnel,normal,<class 'keras.optimizers.Adam'>,<function binary_crossentropy at 0x000002B8A86727B8>,<function elu at 0x000002B8ADC76C80>,<function sigmoid at 0x000002B8ADC850D0>
40,50,0.4560702870225618,0.8611111111111112,0.47605750009575,0.7928286852589641,4.4375,16,4,1,50,0.0,None,None,long_funnel,normal,<class 'keras.optimizers.Nadam'>,<function binary_crossentropy at 0x000002B8A86727B8>,<function relu at 0x000002B8ADC76F28>,<function sigmoid at 0x000002B8ADC850D0>
41,100,0.41411548632162587,0.8518518518518519,0.42582829646855236,0.820717131592838,1.0625,8,5,4,100,0.0,None,None,brick,normal,<class 'keras.optimizers.Adam'>,<function binary_crossentropy at 0x000002B8A86727B8>,<function elu at 0x000002B8ADC76C80>,<function sigmoid at 0x000002B8ADC850D0>
42,50,0.4134635209209389,0.8611111111111112,0.4496407521910876,0.8007968129864727,0.5,32,2,4,50,0.0,None,None,brick,normal,<class 'keras.optimizers.Nadam'>,<function binary_crossentropy at 0x000002B8A86727B8>,<function elu at 0x000002B8ADC76C80>,<function sigmoid at 0x000002B8ADC850D0>
43,150,0.44491825349352976,0.8703703703703703,0.46891391159692014,0.7808764940239044,2.1875,16,5,2,150,0.0,None,None,brick,normal,<class 'keras.optimizers.Adam'>,<function binary_crossentropy at 0x000002B8A86727B8>,<function relu at 0x000002B8ADC76F28>,<function sigmoid at 0x000002B8ADC850D0>
44,100,0.42196128259685656,0.8611111111111112,0.4445444374242974,0.8127490039840638,1.625,16,2,1,100,0.0,None,None,long_funnel,normal,<class 'keras.optimizers.Adam'>,<function binary_crossentropy at 0x000002B8A86727B8>,<function elu at 0x000002B8ADC76C80>,<function sigmoid at 0x000002B8ADC850D0>
45,150,0.4464564315578038,0.8703703703703703,0.4385687193603244,0.8167330677290837,1.625,32,5,2,150,0.0,None,None,brick,uniform,<class 'keras.optimizers.Adam'>,<function binary_crossentropy at 0x000002B8A86727B8>,<function relu at 0x000002B8ADC76F28>,<function sigmoid at 0x000002B8ADC850D0>
46,100,0.41963529630030044,0.8796296296296297,0.4460137009233852,0.8127490039840638,3.3125,16,3,1,100,0.0,None,None,brick,uniform,<class 'keras.optimizers.Adam'>,<function binary_crossentropy at 0x000002B8A86727B8>,<function elu at 0x000002B8ADC76C80>,<function sigmoid at 0x000002B8ADC850D0>
47,100,0.4057724351339318,0.8703703703703703,0.41932247307492915,0.8087649402390438,1.625,32,2,2,100,0.0,None,None,brick,uniform,<class 'keras.optimizers.Adam'>,<function binary_crossentropy at 0x000002B8A86727B8>,<function elu at 0x000002B8ADC76C80>,<function sigmoid at 0x000002B8ADC850D0>
48,100,0.45164546727287586,0.8611111111111112,0.44108395473910533,0.8087649402390438,2.1875,8,2,1,100,0.0,None,None,long_funnel,normal,<class 'keras.optimizers.Adam'>,<function binary_crossentropy at 0x000002B8A86727B8>,<function relu at 0x000002B8ADC76F28>,<function sigmoid at 0x000002B8ADC850D0>
49,100,0.42143636710803817,0.8703703703703703,0.42631703749506833,0.8326693227091634,2.1875,32,3,2,100,0.0,None,None,long_funnel,uniform,<class 'keras.optimizers.Adam'>,<function binary_crossentropy at 0x000002B8A86727B8>,<function elu at 0x000002B8ADC76C80>,<function sigmoid at 0x000002B8ADC850D0>
50,50,0.4201237161954244,0.8518518518518519,0.44781619547847734,0.8047808764940239,1.0625,16,2,4,50,0.0,None,None,brick,normal,<class 'keras.optimizers.Adam'>,<function binary_crossentropy at 0x000002B8A86727B8>,<function elu at 0x000002B8ADC76C80>,<function sigmoid at 0x000002B8ADC850D0>
51,100,0.4394290978067922,0.8796296296296297,0.43925079498003505,0.8167330677290837,3.3125,8,3,1,100,0.0,None,None,long_funnel,uniform,<class 'keras.optimizers.Nadam'>,<function binary_crossentropy at 0x000002B8A86727B8>,<function elu at 0x000002B8ADC76C80>,<function sigmoid at 0x000002B8ADC850D0>
52,50,0.4584446294164216,0.8611111111111112,0.5105916215255263,0.7609561752988048,2.75,64,5,2,50,0.0,None,None,brick,uniform,<class 'keras.optimizers.Nadam'>,<function binary_crossentropy at 0x000002B8A86727B8>,<function relu at 0x000002B8ADC76F28>,<function sigmoid at 0x000002B8ADC850D0>
53,100,0.4134618512988608,0.8796296296296297,0.4878453009692908,0.7808764940239044,1.625,64,5,1,100,0.0,None,None,long_funnel,normal,<class 'keras.optimizers.Nadam'>,<function binary_crossentropy at 0x000002B8A86727B8>,<function relu at 0x000002B8ADC76F28>,<function sigmoid at 0x000002B8ADC850D0>
54,50,0.4548000173160323,0.8981481481481481,0.49633354328543067,0.7689243030263133,3.875,8,4,4,50,0.0,None,None,long_funnel,normal,<class 'keras.optimizers.Nadam'>,<function binary_crossentropy at 0x000002B8A86727B8>,<function relu at 0x000002B8ADC76F28>,<function sigmoid at 0x000002B8ADC850D0>
55,50,0.44788246301727164,0.8703703764412138,0.47580817264627173,0.8007968207042055,3.875,16,4,3,50,0.0,None,None,long_funnel,uniform,<class 'keras.optimizers.Nadam'>,<function binary_crossentropy at 0x000002B8A86727B8>,<function elu at 0x000002B8ADC76C80>,<function sigmoid at 0x000002B8ADC850D0>
56,150,0.4146761873788718,0.8703703772690561,0.3994634179361313,0.8247012028181221,2.1875,64,2,3,150,0.0,None,None,long_funnel,normal,<class 'keras.optimizers.Nadam'>,<function binary_crossentropy at 0x000002B8A86727B8>,<function elu at 0x000002B8ADC76C80>,<function sigmoid at 0x000002B8ADC850D0>
57,50,0.4524668887283446,0.8703703703703703,0.46953973938447546,0.796812749003984,3.875,16,3,2,50,0.0,None,None,long_funnel,normal,<class 'keras.optimizers.Adam'>,<function binary_crossentropy at 0x000002B8A86727B8>,<function relu at 0x000002B8ADC76F28>,<function sigmoid at 0x000002B8ADC850D0>
58,50,0.4132100623208788,0.8703703703703703,0.4520406033233561,0.8047808764940239,0.5,16,2,1,50,0.0,None,None,brick,normal,<class 'keras.optimizers.Adam'>,<function binary_crossentropy at 0x000002B8A86727B8>,<function elu at 0x000002B8ADC76C80>,<function sigmoid at 0x000002B8ADC850D0>
59,150,0.4458583727892902,0.8703703772690561,0.4584645644067768,0.804780885280366,4.4375,32,5,3,150,0.0,None,None,brick,uniform,<class 'keras.optimizers.Nadam'>,<function binary_crossentropy at 0x000002B8A86727B8>,<function elu at 0x000002B8ADC76C80>,<function sigmoid at 0x000002B8ADC850D0>
60,100,0.4253617032534546,0.8703703772690561,0.4066949096912763,0.8167330765154257,1.625,32,2,3,100,0.0,None,None,brick,uniform,<class 'keras.optimizers.Nadam'>,<function binary_crossentropy at 0x000002B8A86727B8>,<function elu at 0x000002B8ADC76C80>,<function sigmoid at 0x000002B8ADC850D0>
61,100,0.4219378953868592,0.8796296296296297,0.4186249954766961,0.8127490039840638,2.75,8,4,2,100,0.0,None,None,long_funnel,normal,<class 'keras.optimizers.Adam'>,<function binary_crossentropy at 0x000002B8A86727B8>,<function elu at 0x000002B8ADC76C80>,<function sigmoid at 0x000002B8ADC850D0>
62,150,0.3998214316864808,0.8611111111111112,0.45566154439818574,0.8167330677290837,4.4375,64,4,2,150,0.0,None,None,long_funnel,normal,<class 'keras.optimizers.Adam'>,<function binary_crossentropy at 0x000002B8A86727B8>,<function elu at 0x000002B8ADC76C80>,<function sigmoid at 0x000002B8ADC850D0>
63,150,0.44079491624142975,0.8796296296296297,0.44905267691063705,0.8047808764940239,2.75,32,2,1,150,0.0,None,None,brick,uniform,<class 'keras.optimizers.Nadam'>,<function binary_crossentropy at 0x000002B8A86727B8>,<function elu at 0x000002B8ADC76C80>,<function sigmoid at 0x000002B8ADC850D0>
64,100,0.4156132485303614,0.8703703764412138,0.45362928808032277,0.8207171385981648,3.875,8,4,3,100,0.0,None,None,long_funnel,uniform,<class 'keras.optimizers.Nadam'>,<function binary_crossentropy at 0x000002B8A86727B8>,<function elu at 0x000002B8ADC76C80>,<function sigmoid at 0x000002B8ADC850D0>
65,50,0.4064864479005337,0.8796296296296297,0.4464213651608661,0.8087649403577781,1.0625,32,2,4,50,0.0,None,None,brick,uniform,<class 'keras.optimizers.Adam'>,<function binary_crossentropy at 0x000002B8A86727B8>,<function elu at 0x000002B8ADC76C80>,<function sigmoid at 0x000002B8ADC850D0>
66,50,0.4314432685711869,0.8888888888888888,0.4792576264590025,0.796812749003984,4.4375,16,5,2,50,0.0,None,None,brick,uniform,<class 'keras.optimizers.Nadam'>,<function binary_crossentropy at 0x000002B8A86727B8>,<function elu at 0x000002B8ADC76C80>,<function sigmoid at 0x000002B8ADC850D0>
67,100,0.40207918195260894,0.8703703703703703,0.4399749099080306,0.8047808764940239,2.1875,32,5,2,100,0.0,None,None,long_funnel,normal,<class 'keras.optimizers.Adam'>,<function binary_crossentropy at 0x000002B8A86727B8>,<function elu at 0x000002B8ADC76C80>,<function sigmoid at 0x000002B8ADC850D0>
68,50,0.43368555212186444,0.8796296359764205,0.457679207789233,0.8047808849241629,3.3125,64,3,3,50,0.0,None,None,long_funnel,uniform,<class 'keras.optimizers.Nadam'>,<function binary_crossentropy at 0x000002B8A86727B8>,<function relu at 0x000002B8ADC76F28>,<function sigmoid at 0x000002B8ADC850D0>
69,50,0.4567360469976578,0.8611111111111112,0.4869492104670322,0.7768924302788844,3.3125,16,2,2,50,0.0,None,None,long_funnel,normal,<class 'keras.optimizers.Nadam'>,<function binary_crossentropy at 0x000002B8A86727B8>,<function relu at 0x000002B8ADC76F28>,<function sigmoid at 0x000002B8ADC850D0>
70,150,0.41285742833106603,0.8703703703703703,0.42911327039578046,0.8167330678478181,3.3125,32,2,4,150,0.0,None,None,brick,uniform,<class 'keras.optimizers.Adam'>,<function binary_crossentropy at 0x000002B8A86727B8>,<function elu at 0x000002B8ADC76C80>,<function sigmoid at 0x000002B8ADC850D0>
71,100,0.449491063322596,0.8703703703703703,0.43557008265362307,0.8127490039840638,3.3125,8,3,2,100,0.0,None,None,brick,uniform,<class 'keras.optimizers.Nadam'>,<function binary_crossentropy at 0x000002B8A86727B8>,<function relu at 0x000002B8ADC76F28>,<function sigmoid at 0x000002B8ADC850D0>
72,50,0.42477416650702554,0.888888894683785,0.45783328342129037,0.8007968218915491,0.5,8,5,3,50,0.0,None,None,brick,uniform,<class 'keras.optimizers.Nadam'>,<function binary_crossentropy at 0x000002B8A86727B8>,<function elu at 0x000002B8ADC76C80>,<function sigmoid at 0x000002B8ADC850D0>
73,100,0.453391786392297,0.8611111111111112,0.4621653079185755,0.7848605577689243,1.625,64,4,1,100,0.0,None,None,brick,normal,<class 'keras.optimizers.Adam'>,<function binary_crossentropy at 0x000002B8A86727B8>,<function relu at 0x000002B8ADC76F28>,<function sigmoid at 0x000002B8ADC850D0>
74,50,0.43242423849531203,0.8888888888888888,0.4540921806359352,0.8087649402390438,4.4375,16,2,1,50,0.0,None,None,brick,normal,<class 'keras.optimizers.Adam'>,<function binary_crossentropy at 0x000002B8A86727B8>,<function elu at 0x000002B8ADC76C80>,<function sigmoid at 0x000002B8ADC850D0>
75,100,0.3988979274958924,0.8796296296296297,0.41376089266096927,0.8207171314741036,2.75,8,3,4,100,0.0,None,None,long_funnel,uniform,<class 'keras.optimizers.Nadam'>,<function binary_crossentropy at 0x000002B8A86727B8>,<function elu at 0x000002B8ADC76C80>,<function sigmoid at 0x000002B8ADC850D0>
76,100,0.41528524977008974,0.8611111111111112,0.4337303974922157,0.8087649402390438,1.0625,32,4,1,100,0.0,None,None,brick,normal,<class 'keras.optimizers.Nadam'>,<function binary_crossentropy at 0x000002B8A86727B8>,<function elu at 0x000002B8ADC76C80>,<function sigmoid at 0x000002B8ADC850D0>
77,100,0.45568047201743833,0.8703703703703703,0.4578802936610235,0.7928286854964328,2.75,8,5,4,100,0.0,None,None,brick,normal,<class 'keras.optimizers.Nadam'>,<function binary_crossentropy at 0x000002B8A86727B8>,<function relu at 0x000002B8ADC76F28>,<function sigmoid at 0x000002B8ADC850D0>
78,50,0.4487125554846393,0.8703703703703703,0.46667310448207583,0.7928286852589641,1.625,32,2,2,50,0.0,None,None,brick,normal,<class 'keras.optimizers.Adam'>,<function binary_crossentropy at 0x000002B8A86727B8>,<function relu at 0x000002B8ADC76F28>,<function sigmoid at 0x000002B8ADC850D0>
79,100,0.42074995832862677,0.8796296296296297,0.44549753876083875,0.8207171314741036,2.75,8,4,4,100,0.0,None,None,long_funnel,normal,<class 'keras.optimizers.Adam'>,<function binary_crossentropy at 0x000002B8A86727B8>,<function elu at 0x000002B8ADC76C80>,<function sigmoid at 0x000002B8ADC850D0>
80,50,0.38829566227893036,0.8796296296296297,0.4598702248853754,0.8007968127490039,1.625,32,4,2,50,0.0,None,None,long_funnel,normal,<class 'keras.optimizers.Adam'>,<function binary_crossentropy at 0x000002B8A86727B8>,<function elu at 0x000002B8ADC76C80>,<function sigmoid at 0x000002B8ADC850D0>
81,50,0.4978792280372646,0.8703703772690561,0.5121561619211953,0.7609561856286934,0.5,8,4,3,50,0.0,None,None,long_funnel,normal,<class 'keras.optimizers.Adam'>,<function binary_crossentropy at 0x000002B8A86727B8>,<function relu at 0x000002B8ADC76F28>,<function sigmoid at 0x000002B8ADC850D0>
82,100,0.45562092252073316,0.8796296296296297,0.47485364035343874,0.7848605577689243,1.625,8,5,1,100,0.0,None,None,brick,normal,<class 'keras.optimizers.Nadam'>,<function binary_crossentropy at 0x000002B8A86727B8>,<function relu at 0x000002B8ADC76F28>,<function sigmoid at 0x000002B8ADC850D0>
83,150,0.4253474239397932,0.8518518518518519,0.42741866807538675,0.8167330679665523,3.875,8,3,4,150,0.0,None,None,long_funnel,uniform,<class 'keras.optimizers.Nadam'>,<function binary_crossentropy at 0x000002B8A86727B8>,<function elu at 0x000002B8ADC76C80>,<function sigmoid at 0x000002B8ADC850D0>
84,50,0.4101999929795663,0.8703703772690561,0.4553732504489353,0.8087649495003233,1.0625,32,3,3,50,0.0,None,None,long_funnel,normal,<class 'keras.optimizers.Nadam'>,<function binary_crossentropy at 0x000002B8A86727B8>,<function elu at 0x000002B8ADC76C80>,<function sigmoid at 0x000002B8ADC850D0>
85,50,0.44994573088155854,0.8425926011469629,0.5039041056279168,0.7689243126437959,3.875,64,4,3,50,0.0,None,None,long_funnel,normal,<class 'keras.optimizers.Nadam'>,<function binary_crossentropy at 0x000002B8A86727B8>,<function elu at 0x000002B8ADC76C80>,<function sigmoid at 0x000002B8ADC850D0>
86,50,0.6874792840745714,0.5555555555555556,0.6914147953113237,0.5338645418326693,3.3125,8,5,2,50,0.0,None,None,brick,normal,<class 'keras.optimizers.Nadam'>,<function binary_crossentropy at 0x000002B8A86727B8>,<function relu at 0x000002B8ADC76F28>,<function sigmoid at 0x000002B8ADC850D0>
87,150,0.4514231536347695,0.8796296296296297,0.4786018719210241,0.8007968127490039,2.1875,8,4,2,150,0.0,None,None,long_funnel,uniform,<class 'keras.optimizers.Adam'>,<function binary_crossentropy at 0x000002B8A86727B8>,<function relu at 0x000002B8ADC76F28>,<function sigmoid at 0x000002B8ADC850D0>
88,150,0.4415902842388109,0.8611111111111112,0.40390536646206543,0.8366533864541833,0.5,64,2,4,150,0.0,None,None,brick,normal,<class 'keras.optimizers.Adam'>,<function binary_crossentropy at 0x000002B8A86727B8>,<function relu at 0x000002B8ADC76F28>,<function sigmoid at 0x000002B8ADC850D0>
89,150,0.4426819449290633,0.8611111177338494,0.43336820246213936,0.8167330759217539,2.1875,32,4,3,150,0.0,None,None,brick,normal,<class 'keras.optimizers.Nadam'>,<function binary_crossentropy at 0x000002B8A86727B8>,<function relu at 0x000002B8ADC76F28>,<function sigmoid at 0x000002B8ADC850D0>
90,150,0.4176934835088307,0.8703703703703703,0.40657963232276695,0.8127490039840638,2.75,16,3,1,150,0.0,None,None,long_funnel,uniform,<class 'keras.optimizers.Adam'>,<function binary_crossentropy at 0x000002B8A86727B8>,<function elu at 0x000002B8ADC76C80>,<function sigmoid at 0x000002B8ADC850D0>
91,150,0.6874860458903842,0.5555555555555556,0.6912766578662918,0.5338645418326693,1.625,16,3,1,150,0.0,None,None,long_funnel,normal,<class 'keras.optimizers.Nadam'>,<function binary_crossentropy at 0x000002B8A86727B8>,<function relu at 0x000002B8ADC76F28>,<function sigmoid at 0x000002B8ADC850D0>
92,50,0.6878627273771498,0.5555555555555556,0.6910026268180148,0.5338645418326693,0.5,8,2,1,50,0.0,None,None,long_funnel,uniform,<class 'keras.optimizers.Nadam'>,<function binary_crossentropy at 0x000002B8A86727B8>,<function relu at 0x000002B8ADC76F28>,<function sigmoid at 0x000002B8ADC850D0>
93,50,0.6878141827053494,0.5555555555555556,0.6911684258050652,0.5338645418326693,1.0625,16,5,1,50,0.0,None,None,brick,uniform,<class 'keras.optimizers.Nadam'>,<function binary_crossentropy at 0x000002B8A86727B8>,<function relu at 0x000002B8ADC76F28>,<function sigmoid at 0x000002B8ADC850D0>
94,100,0.4536391084806787,0.8611111177338494,0.47379990189198956,0.7848605671489381,1.0625,32,5,3,100,0.0,None,None,brick,normal,<class 'keras.optimizers.Nadam'>,<function binary_crossentropy at 0x000002B8A86727B8>,<function relu at 0x000002B8ADC76F28>,<function sigmoid at 0x000002B8ADC850D0>
95,50,0.4220721671288764,0.8703703703703703,0.4647774205977223,0.8007968128677383,4.4375,16,2,4,50,0.0,None,None,brick,normal,<class 'keras.optimizers.Adam'>,<function binary_crossentropy at 0x000002B8A86727B8>,<function elu at 0x000002B8ADC76C80>,<function sigmoid at 0x000002B8ADC850D0>
96,150,0.4053912544278083,0.8888888888888888,0.41938855602921715,0.8127490042215324,0.5,16,2,4,150,0.0,None,None,brick,uniform,<class 'keras.optimizers.Nadam'>,<function binary_crossentropy at 0x000002B8A86727B8>,<function elu at 0x000002B8ADC76C80>,<function sigmoid at 0x000002B8ADC850D0>
97,150,0.4548301215249079,0.8703703703703703,0.45799326089273884,0.8207171314741036,3.875,8,2,4,150,0.0,None,None,long_funnel,uniform,<class 'keras.optimizers.Adam'>,<function binary_crossentropy at 0x000002B8A86727B8>,<function relu at 0x000002B8ADC76F28>,<function sigmoid at 0x000002B8ADC850D0>
98,50,0.3974092515806357,0.8796296296296297,0.45647641327751587,0.8087649402390438,1.625,32,4,4,50,0.0,None,None,brick,uniform,<class 'keras.optimizers.Adam'>,<function binary_crossentropy at 0x000002B8A86727B8>,<function elu at 0x000002B8ADC76C80>,<function sigmoid at 0x000002B8ADC850D0>
99,150,0.40179402554511195,0.8703703703703703,0.44881976040384447,0.8247011952191236,0.5,32,5,1,150,0.0,None,None,long_funnel,uniform,<class 'keras.optimizers.Nadam'>,<function binary_crossentropy at 0x000002B8A86727B8>,<function elu at 0x000002B8ADC76C80>,<function sigmoid at 0x000002B8ADC850D0>
100,50,0.4181108691522645,0.8703703772690561,0.4539221343973956,0.8127490115830622,0.5,64,3,3,50,0.0,None,None,brick,uniform,<class 'keras.optimizers.Adam'>,<function binary_crossentropy at 0x000002B8A86727B8>,<function elu at 0x000002B8ADC76C80>,<function sigmoid at 0x000002B8ADC850D0>
101,150,0.4067079567315954,0.8518518518518519,0.4384244970190691,0.8127490039840638,1.625,16,4,2,150,0.0,None,None,long_funnel,normal,<class 'keras.optimizers.Adam'>,<function binary_crossentropy at 0x000002B8A86727B8>,<function elu at 0x000002B8ADC76C80>,<function sigmoid at 0x000002B8ADC850D0>
102,50,0.45683834613818264,0.8611111177338494,0.4703865066111325,0.7848605673864069,2.1875,16,3,3,50,0.0,None,None,long_funnel,uniform,<class 'keras.optimizers.Nadam'>,<function binary_crossentropy at 0x000002B8A86727B8>,<function relu at 0x000002B8ADC76F28>,<function sigmoid at 0x000002B8ADC850D0>
103,50,0.43039560304195795,0.8518518518518519,0.4668283637063912,0.8047808766127582,3.875,32,2,4,50,0.0,None,None,long_funnel,uniform,<class 'keras.optimizers.Nadam'>,<function binary_crossentropy at 0x000002B8A86727B8>,<function elu at 0x000002B8ADC76C80>,<function sigmoid at 0x000002B8ADC850D0>
104,50,0.42710089313792804,0.8703703703703703,0.466171676304118,0.796812749003984,1.625,64,2,1,50,0.0,None,None,brick,uniform,<class 'keras.optimizers.Nadam'>,<function binary_crossentropy at 0x000002B8A86727B8>,<function elu at 0x000002B8ADC76C80>,<function sigmoid at 0x000002B8ADC850D0>
105,100,0.40936452108952737,0.8703703764412138,0.41861084140688776,0.8167330768716288,2.1875,8,3,3,100,0.0,None,None,long_funnel,normal,<class 'keras.optimizers.Adam'>,<function binary_crossentropy at 0x000002B8A86727B8>,<function elu at 0x000002B8ADC76C80>,<function sigmoid at 0x000002B8ADC850D0>
106,50,0.42765258625149727,0.8518518518518519,0.41934487776203727,0.8207171314741036,1.0625,32,2,2,50,0.0,None,None,brick,normal,<class 'keras.optimizers.Nadam'>,<function binary_crossentropy at 0x000002B8A86727B8>,<function relu at 0x000002B8ADC76F28>,<function sigmoid at 0x000002B8ADC850D0>
107,150,0.4237814127312352,0.8703703703703703,0.4938126367433432,0.7729083665338645,3.875,64,3,2,150,0.0,None,None,long_funnel,uniform,<class 'keras.optimizers.Nadam'>,<function binary_crossentropy at 0x000002B8A86727B8>,<function elu at 0x000002B8ADC76C80>,<function sigmoid at 0x000002B8ADC850D0>
108,150,0.45473878801727485,0.8703703703703703,0.5065191181831099,0.7808764940239044,2.75,64,4,1,150,0.0,None,None,brick,normal,<class 'keras.optimizers.Nadam'>,<function binary_crossentropy at 0x000002B8A86727B8>,<function elu at 0x000002B8ADC76C80>,<function sigmoid at 0x000002B8ADC850D0>
109,50,0.4455691786594495,0.8703703703703703,0.4749681741040879,0.7928286852589641,3.3125,16,2,1,50,0.0,None,None,brick,normal,<class 'keras.optimizers.Adam'>,<function binary_crossentropy at 0x000002B8A86727B8>,<function relu at 0x000002B8ADC76F28>,<function sigmoid at 0x000002B8ADC850D0>
110,50,0.43974922489193585,0.8796296296296297,0.4929586550916425,0.7768924302788844,2.75,64,3,1,50,0.0,None,None,long_funnel,normal,<class 'keras.optimizers.Nadam'>,<function binary_crossentropy at 0x000002B8A86727B8>,<function relu at 0x000002B8ADC76F28>,<function sigmoid at 0x000002B8ADC850D0>
111,100,0.415759242846872,0.8888888888888888,0.4550315279706541,0.8167330677290837,2.1875,16,5,2,100,0.0,None,None,brick,uniform,<class 'keras.optimizers.Nadam'>,<function binary_crossentropy at 0x000002B8A86727B8>,<function elu at 0x000002B8ADC76C80>,<function sigmoid at 0x000002B8ADC850D0>
112,50,0.4485885153214137,0.8796296296296297,0.48502588331461904,0.7808764940239044,2.1875,8,3,4,50,0.0,None,None,brick,uniform,<class 'keras.optimizers.Adam'>,<function binary_crossentropy at 0x000002B8A86727B8>,<function relu at 0x000002B8ADC76F28>,<function sigmoid at 0x000002B8ADC850D0>
113,100,0.3936479446236734,0.8703703703703703,0.4269118772381805,0.8167330677290837,2.1875,16,2,4,100,0.0,None,None,long_funnel,uniform,<class 'keras.optimizers.Adam'>,<function binary_crossentropy at 0x000002B8A86727B8>,<function elu at 0x000002B8ADC76C80>,<function sigmoid at 0x000002B8ADC850D0>
114,50,0.4551740375657876,0.8703703703703703,0.4704127935061892,0.796812749003984,4.4375,16,5,4,50,0.0,None,None,long_funnel,uniform,<class 'keras.optimizers.Nadam'>,<function binary_crossentropy at 0x000002B8A86727B8>,<function relu at 0x000002B8ADC76F28>,<function sigmoid at 0x000002B8ADC850D0>
115,150,0.5409204984120556,0.7222222222222222,0.6202560129110294,0.6533864541832669,4.4375,32,5,1,150,0.0,None,None,long_funnel,uniform,<class 'keras.optimizers.Nadam'>,<function binary_crossentropy at 0x000002B8A86727B8>,<function relu at 0x000002B8ADC76F28>,<function sigmoid at 0x000002B8ADC850D0>
116,100,0.4232117232297444,0.8611111177338494,0.4594684433770845,0.808764948075511,2.75,64,4,3,100,0.0,None,None,long_funnel,normal,<class 'keras.optimizers.Adam'>,<function binary_crossentropy at 0x000002B8A86727B8>,<function elu at 0x000002B8ADC76C80>,<function sigmoid at 0x000002B8ADC850D0>
117,150,0.44896350312046707,0.8703703764412138,0.47995669133515945,0.7848605673864069,1.0625,8,5,3,150,0.0,None,None,long_funnel,normal,<class 'keras.optimizers.Nadam'>,<function binary_crossentropy at 0x000002B8A86727B8>,<function relu at 0x000002B8ADC76F28>,<function sigmoid at 0x000002B8ADC850D0>
118,150,0.4253694040235132,0.888888894683785,0.45866462784129164,0.7888446301815519,4.4375,32,4,3,150,0.0,None,None,long_funnel,normal,<class 'keras.optimizers.Nadam'>,<function binary_crossentropy at 0x000002B8A86727B8>,<function elu at 0x000002B8ADC76C80>,<function sigmoid at 0x000002B8ADC850D0>
119,150,0.6874313818083869,0.5555555555555556,0.6912060572331645,0.533864542070138,4.4375,8,4,4,150,0.0,None,None,brick,normal,<class 'keras.optimizers.Nadam'>,<function binary_crossentropy at 0x000002B8A86727B8>,<function relu at 0x000002B8ADC76F28>,<function sigmoid at 0x000002B8ADC850D0>
120,150,0.44331779013629313,0.8703703703703703,0.45357460386130916,0.8047808764940239,3.875,16,4,4,150,0.0,None,None,brick,uniform,<class 'keras.optimizers.Nadam'>,<function binary_crossentropy at 0x000002B8A86727B8>,<function relu at 0x000002B8ADC76F28>,<function sigmoid at 0x000002B8ADC850D0>
121,50,0.43813807744313465,0.8703703703703703,0.4630615427867528,0.7808764940239044,0.5,64,3,1,50,0.0,None,None,brick,uniform,<class 'keras.optimizers.Adam'>,<function binary_crossentropy at 0x000002B8A86727B8>,<function relu at 0x000002B8ADC76F28>,<function sigmoid at 0x000002B8ADC850D0>
122,50,0.4403398155079264,0.8611111111111112,0.4302466165684254,0.8247011952191236,1.0625,64,4,1,50,0.0,None,None,long_funnel,normal,<class 'keras.optimizers.Adam'>,<function binary_crossentropy at 0x000002B8A86727B8>,<function relu at 0x000002B8ADC76F28>,<function sigmoid at 0x000002B8ADC850D0>
123,150,0.4575433537134746,0.8796296296296297,0.4367584763356366,0.8207171314741036,2.1875,8,2,1,150,0.0,None,None,brick,uniform,<class 'keras.optimizers.Adam'>,<function binary_crossentropy at 0x000002B8A86727B8>,<function relu at 0x000002B8ADC76F28>,<function sigmoid at 0x000002B8ADC850D0>
124,150,0.41376630618038623,0.8703703703703703,0.44699577951620134,0.8127490039840638,1.625,16,5,1,150,0.0,None,None,long_funnel,uniform,<class 'keras.optimizers.Adam'>,<function binary_crossentropy at 0x000002B8A86727B8>,<function elu at 0x000002B8ADC76C80>,<function sigmoid at 0x000002B8ADC850D0>
125,100,0.40792923434465017,0.8611111111111112,0.40786107418042017,0.8366533864541833,1.0625,64,4,4,100,0.0,None,None,brick,normal,<class 'keras.optimizers.Nadam'>,<function binary_crossentropy at 0x000002B8A86727B8>,<function elu at 0x000002B8ADC76C80>,<function sigmoid at 0x000002B8ADC850D0>
126,150,0.44985340135516944,0.8611111111111112,0.46108932822824,0.8087649402390438,3.875,64,5,4,150,0.0,None,None,long_funnel,normal,<class 'keras.optimizers.Adam'>,<function binary_crossentropy at 0x000002B8A86727B8>,<function relu at 0x000002B8ADC76F28>,<function sigmoid at 0x000002B8ADC850D0>
127,150,0.4564081069978851,0.8703703703703703,0.48287656167113924,0.7848605577689243,2.75,8,4,4,150,0.0,None,None,brick,uniform,<class 'keras.optimizers.Adam'>,<function binary_crossentropy at 0x000002B8A86727B8>,<function relu at 0x000002B8ADC76F28>,<function sigmoid at 0x000002B8ADC850D0>
128,150,0.6877466258075502,0.5555555696288744,0.6909108088310971,0.5338645554871199,1.625,8,5,3,150,0.0,None,None,long_funnel,uniform,<class 'keras.optimizers.Adam'>,<function binary_crossentropy at 0x000002B8A86727B8>,<function relu at 0x000002B8ADC76F28>,<function sigmoid at 0x000002B8ADC850D0>
129,150,0.4500671031160487,0.8796296296296297,0.4559189747885404,0.7928286854964328,1.0625,32,5,4,150,0.0,None,None,long_funnel,uniform,<class 'keras.optimizers.Adam'>,<function binary_crossentropy at 0x000002B8A86727B8>,<function relu at 0x000002B8ADC76F28>,<function sigmoid at 0x000002B8ADC850D0>
130,100,0.46139218954064104,0.8703703703703703,0.5052438005922129,0.7330677290836654,2.1875,32,5,1,100,0.0,None,None,long_funnel,uniform,<class 'keras.optimizers.Nadam'>,<function binary_crossentropy at 0x000002B8A86727B8>,<function relu at 0x000002B8ADC76F28>,<function sigmoid at 0x000002B8ADC850D0>
131,150,0.44222169193542665,0.8796296359764205,0.4136421301279707,0.8207171393105708,0.5,32,5,3,150,0.0,None,None,brick,normal,<class 'keras.optimizers.Nadam'>,<function binary_crossentropy at 0x000002B8A86727B8>,<function relu at 0x000002B8ADC76F28>,<function sigmoid at 0x000002B8ADC850D0>
132,150,0.4496429797080863,0.8796296296296297,0.45653864935938404,0.8007968127490039,3.3125,16,2,2,150,0.0,None,None,brick,normal,<class 'keras.optimizers.Adam'>,<function binary_crossentropy at 0x000002B8A86727B8>,<function relu at 0x000002B8ADC76F28>,<function sigmoid at 0x000002B8ADC850D0>
133,100,0.45736422710534597,0.8703703703703703,0.452650061522822,0.8007968127490039,2.1875,16,5,4,100,0.0,None,None,long_funnel,uniform,<class 'keras.optimizers.Nadam'>,<function binary_crossentropy at 0x000002B8A86727B8>,<function relu at 0x000002B8ADC76F28>,<function sigmoid at 0x000002B8ADC850D0>
134,150,0.4111049827878122,0.8611111111111112,0.3998396453629452,0.8207171317115723,1.0625,32,2,4,150,0.0,None,None,brick,normal,<class 'keras.optimizers.Adam'>,<function binary_crossentropy at 0x000002B8A86727B8>,<function elu at 0x000002B8ADC76C80>,<function sigmoid at 0x000002B8ADC850D0>
135,50,0.4215685526529948,0.8611111185616918,0.45807165534521244,0.8007968217728147,1.625,16,4,3,50,0.0,None,None,long_funnel,normal,<class 'keras.optimizers.Adam'>,<function binary_crossentropy at 0x000002B8A86727B8>,<function elu at 0x000002B8ADC76C80>,<function sigmoid at 0x000002B8ADC850D0>
136,100,0.4551460255558292,0.8611111177338494,0.4455065522417129,0.8007968207042055,3.875,32,2,3,100,0.0,None,None,brick,normal,<class 'keras.optimizers.Nadam'>,<function binary_crossentropy at 0x000002B8A86727B8>,<function relu at 0x000002B8ADC76F28>,<function sigmoid at 0x000002B8ADC850D0>
137,100,0.4562205961135111,0.8703703703703703,0.4844425044133263,0.7768924302788844,4.4375,32,2,1,100,0.0,None,None,brick,uniform,<class 'keras.optimizers.Nadam'>,<function binary_crossentropy at 0x000002B8A86727B8>,<function relu at 0x000002B8ADC76F28>,<function sigmoid at 0x000002B8ADC850D0>
138,50,0.4371813997212384,0.8611111111111112,0.4696691420923666,0.8007968127490039,2.75,8,2,4,50,0.0,None,None,brick,normal,<class 'keras.optimizers.Nadam'>,<function binary_crossentropy at 0x000002B8A86727B8>,<function relu at 0x000002B8ADC76F28>,<function sigmoid at 0x000002B8ADC850D0>
139,100,0.3749540388083982,0.8703703703703703,0.42309721591172783,0.8127490039840638,2.1875,16,4,1,100,0.0,None,None,brick,normal,<class 'keras.optimizers.Adam'>,<function binary_crossentropy at 0x000002B8A86727B8>,<function elu at 0x000002B8ADC76C80>,<function sigmoid at 0x000002B8ADC850D0>
140,150,0.4122668792045227,0.8796296296296297,0.4532423634156288,0.8247011952191236,2.75,64,4,2,150,0.0,None,None,brick,normal,<class 'keras.optimizers.Nadam'>,<function binary_crossentropy at 0x000002B8A86727B8>,<function elu at 0x000002B8ADC76C80>,<function sigmoid at 0x000002B8ADC850D0>
141,100,0.4172255485146134,0.8703703703703703,0.4528739443456984,0.7968127492414527,3.3125,32,5,4,100,0.0,None,None,brick,uniform,<class 'keras.optimizers.Nadam'>,<function binary_crossentropy at 0x000002B8A86727B8>,<function elu at 0x000002B8ADC76C80>,<function sigmoid at 0x000002B8ADC850D0>
142,150,0.45437741066031223,0.8611111111111112,0.44234067494194873,0.8167330677290837,4.4375,16,3,1,150,0.0,None,None,long_funnel,uniform,<class 'keras.optimizers.Adam'>,<function binary_crossentropy at 0x000002B8A86727B8>,<function relu at 0x000002B8ADC76F28>,<function sigmoid at 0x000002B8ADC850D0>
143,150,0.39008456717042633,0.8703703703703703,0.4073510047651742,0.8247011952191236,0.5,64,5,1,150,0.0,None,None,brick,normal,<class 'keras.optimizers.Adam'>,<function binary_crossentropy at 0x000002B8A86727B8>,<function elu at 0x000002B8ADC76C80>,<function sigmoid at 0x000002B8ADC850D0>
144,100,0.687665248910586,0.5555555696288744,0.6909981683430919,0.5338645547747137,3.3125,8,4,3,100,0.0,None,None,long_funnel,uniform,<class 'keras.optimizers.Adam'>,<function binary_crossentropy at 0x000002B8A86727B8>,<function relu at 0x000002B8ADC76F28>,<function sigmoid at 0x000002B8ADC850D0>
145,50,0.4207617344541682,0.8611111111111112,0.45869580362422535,0.8047808764940239,1.625,8,5,4,50,0.0,None,None,long_funnel,normal,<class 'keras.optimizers.Adam'>,<function binary_crossentropy at 0x000002B8A86727B8>,<function elu at 0x000002B8ADC76C80>,<function sigmoid at 0x000002B8ADC850D0>
146,150,0.41804679207227846,0.8796296296296297,0.4093155111687117,0.8286852589641435,0.5,8,5,4,150,0.0,None,None,brick,normal,<class 'keras.optimizers.Nadam'>,<function binary_crossentropy at 0x000002B8A86727B8>,<function elu at 0x000002B8ADC76C80>,<function sigmoid at 0x000002B8ADC850D0>
147,150,0.4556320169940591,0.8796296296296297,0.48028373954246245,0.7808764940239044,4.4375,8,3,2,150,0.0,None,None,long_funnel,uniform,<class 'keras.optimizers.Nadam'>,<function binary_crossentropy at 0x000002B8A86727B8>,<function relu at 0x000002B8ADC76F28>,<function sigmoid at 0x000002B8ADC850D0>
148,50,0.454775447832179,0.8703703703703703,0.4688472976310705,0.7768924302788844,1.625,32,5,2,50,0.0,None,None,long_funnel,normal,<class 'keras.optimizers.Adam'>,<function binary_crossentropy at 0x000002B8A86727B8>,<function relu at 0x000002B8ADC76F28>,<function sigmoid at 0x000002B8ADC850D0>
149,150,0.4539268742211991,0.8796296296296297,0.4627870895948068,0.7808764942613731,4.4375,64,4,4,150,0.0,None,None,brick,uniform,<class 'keras.optimizers.Nadam'>,<function binary_crossentropy at 0x000002B8A86727B8>,<function relu at 0x000002B8ADC76F28>,<function sigmoid at 0x000002B8ADC850D0>
150,150,0.4483981161481804,0.8703703703703703,0.44577422254232774,0.8127490039840638,1.625,8,2,4,150,0.0,None,None,long_funnel,normal,<class 'keras.optimizers.Adam'>,<function binary_crossentropy at 0x000002B8A86727B8>,<function relu at 0x000002B8ADC76F28>,<function sigmoid at 0x000002B8ADC850D0>
151,50,0.4269795097341692,0.8611111111111112,0.4600403369719764,0.8087649402390438,3.875,8,3,2,50,0.0,None,None,brick,normal,<class 'keras.optimizers.Nadam'>,<function binary_crossentropy at 0x000002B8A86727B8>,<function elu at 0x000002B8ADC76C80>,<function sigmoid at 0x000002B8ADC850D0>
152,50,0.40808948322578714,0.8888888888888888,0.4548686891126324,0.8047808764940239,1.625,8,3,2,50,0.0,None,None,brick,uniform,<class 'keras.optimizers.Nadam'>,<function binary_crossentropy at 0x000002B8A86727B8>,<function elu at 0x000002B8ADC76C80>,<function sigmoid at 0x000002B8ADC850D0>
153,100,0.3876886588728262,0.8703703764412138,0.41773845126622344,0.8087649496190576,2.1875,8,3,3,100,0.0,None,None,long_funnel,uniform,<class 'keras.optimizers.Nadam'>,<function binary_crossentropy at 0x000002B8A86727B8>,<function elu at 0x000002B8ADC76C80>,<function sigmoid at 0x000002B8ADC850D0>
154,100,0.45394401253132083,0.8703703703703703,0.4765848594650893,0.7928286852589641,3.875,8,2,2,100,0.0,None,None,long_funnel,uniform,<class 'keras.optimizers.Nadam'>,<function binary_crossentropy at 0x000002B8A86727B8>,<function relu at 0x000002B8ADC76F28>,<function sigmoid at 0x000002B8ADC850D0>
155,100,0.41776721248472176,0.8611111111111112,0.41875159120061006,0.8167330677290837,3.875,32,4,4,100,0.0,None,None,brick,normal,<class 'keras.optimizers.Nadam'>,<function binary_crossentropy at 0x000002B8A86727B8>,<function elu at 0x000002B8ADC76C80>,<function sigmoid at 0x000002B8ADC850D0>
156,50,0.4103355696079908,0.8611111111111112,0.45077038446508083,0.8007968129864727,3.875,64,3,4,50,0.0,None,None,long_funnel,normal,<class 'keras.optimizers.Adam'>,<function binary_crossentropy at 0x000002B8A86727B8>,<function elu at 0x000002B8ADC76C80>,<function sigmoid at 0x000002B8ADC850D0>
157,100,0.45976617283412013,0.8703703703703703,0.4533961439489624,0.8127490039840638,1.625,8,3,2,100,0.0,None,None,brick,uniform,<class 'keras.optimizers.Adam'>,<function binary_crossentropy at 0x000002B8A86727B8>,<function relu at 0x000002B8ADC76F28>,<function sigmoid at 0x000002B8ADC850D0>
158,150,0.45930008945288137,0.8703703703703703,0.48362296383152625,0.7888446215139442,3.3125,32,3,2,150,0.0,None,None,long_funnel,normal,<class 'keras.optimizers.Adam'>,<function binary_crossentropy at 0x000002B8A86727B8>,<function relu at 0x000002B8ADC76F28>,<function sigmoid at 0x000002B8ADC850D0>
159,100,0.4613660040690943,0.8703703703703703,0.4479332753861568,0.8047808764940239,3.3125,16,2,4,100,0.0,None,None,brick,uniform,<class 'keras.optimizers.Adam'>,<function binary_crossentropy at 0x000002B8A86727B8>,<function relu at 0x000002B8ADC76F28>,<function sigmoid at 0x000002B8ADC850D0>
160,100,0.6746322788574077,0.6574074074074074,0.6923207058849563,0.5896414342629482,3.875,64,4,1,100,0.0,None,None,long_funnel,normal,<class 'keras.optimizers.Nadam'>,<function binary_crossentropy at 0x000002B8A86727B8>,<function elu at 0x000002B8ADC76C80>,<function sigmoid at 0x000002B8ADC850D0>
161,150,0.44557673835919964,0.8796296296296297,0.42409266679885377,0.8167330678478181,4.4375,64,4,4,150,0.0,None,None,brick,normal,<class 'keras.optimizers.Adam'>,<function binary_crossentropy at 0x000002B8A86727B8>,<function relu at 0x000002B8ADC76F28>,<function sigmoid at 0x000002B8ADC850D0>
162,150,0.4562076192038755,0.8703703703703703,0.4580647146321863,0.8047808764940239,4.4375,32,4,2,150,0.0,None,None,brick,normal,<class 'keras.optimizers.Nadam'>,<function binary_crossentropy at 0x000002B8A86727B8>,<function relu at 0x000002B8ADC76F28>,<function sigmoid at 0x000002B8ADC850D0>
163,150,0.4262777335113949,0.8703703764412138,0.46239867718868044,0.788844630537755,2.1875,8,5,3,150,0.0,None,None,brick,uniform,<class 'keras.optimizers.Nadam'>,<function binary_crossentropy at 0x000002B8A86727B8>,<function elu at 0x000002B8ADC76C80>,<function sigmoid at 0x000002B8ADC850D0>
164,150,0.44684197532909886,0.8703703703703703,0.4387758821249008,0.8247011954565923,4.4375,32,3,4,150,0.0,None,None,brick,normal,<class 'keras.optimizers.Nadam'>,<function binary_crossentropy at 0x000002B8A86727B8>,<function elu at 0x000002B8ADC76C80>,<function sigmoid at 0x000002B8ADC850D0>
165,150,0.43132476812159576,0.8703703703703703,0.4125397717097841,0.8286852592016122,1.625,64,4,4,150,0.0,None,None,brick,normal,<class 'keras.optimizers.Adam'>,<function binary_crossentropy at 0x000002B8A86727B8>,<function relu at 0x000002B8ADC76F28>,<function sigmoid at 0x000002B8ADC850D0>
166,150,0.44656185497943723,0.8611111177338494,0.4605821403878856,0.784860568098813,4.4375,64,5,3,150,0.0,None,None,brick,uniform,<class 'keras.optimizers.Adam'>,<function binary_crossentropy at 0x000002B8A86727B8>,<function relu at 0x000002B8ADC76F28>,<function sigmoid at 0x000002B8ADC850D0>
167,50,0.4562495036257638,0.8796296351485782,0.461004817524398,0.8007968217728147,3.875,8,2,3,50,0.0,None,None,brick,uniform,<class 'keras.optimizers.Adam'>,<function binary_crossentropy at 0x000002B8A86727B8>,<function relu at 0x000002B8ADC76F28>,<function sigmoid at 0x000002B8ADC850D0>
168,50,0.4198205650404648,0.8611111111111112,0.44829851311753943,0.8087649403577781,0.5,16,3,4,50,0.0,None,None,long_funnel,uniform,<class 'keras.optimizers.Nadam'>,<function binary_crossentropy at 0x000002B8A86727B8>,<function elu at 0x000002B8ADC76C80>,<function sigmoid at 0x000002B8ADC850D0>
169,150,0.43389758286583757,0.8703703772690561,0.4318053982112987,0.8286852664444077,4.4375,8,3,3,150,0.0,None,None,long_funnel,normal,<class 'keras.optimizers.Nadam'>,<function binary_crossentropy at 0x000002B8A86727B8>,<function elu at 0x000002B8ADC76C80>,<function sigmoid at 0x000002B8ADC850D0>
170,100,0.41072143821252716,0.8611111111111112,0.4690341204404831,0.8047808766127582,3.3125,64,3,4,100,0.0,None,None,brick,normal,<class 'keras.optimizers.Nadam'>,<function binary_crossentropy at 0x000002B8A86727B8>,<function elu at 0x000002B8ADC76C80>,<function sigmoid at 0x000002B8ADC850D0>
171,100,0.5799759201429509,0.5925925925925926,0.6915516093432665,0.5856573705179283,4.4375,64,5,2,100,0.0,None,None,brick,normal,<class 'keras.optimizers.Nadam'>,<function binary_crossentropy at 0x000002B8A86727B8>,<function relu at 0x000002B8ADC76F28>,<function sigmoid at 0x000002B8ADC850D0>
172,50,0.4509953616393937,0.8796296351485782,0.48564585825183476,0.7808765028102465,3.875,64,5,3,50,0.0,None,None,brick,uniform,<class 'keras.optimizers.Adam'>,<function binary_crossentropy at 0x000002B8A86727B8>,<function relu at 0x000002B8ADC76F28>,<function sigmoid at 0x000002B8ADC850D0>
173,150,0.46004154679744885,0.8703703703703703,0.46441343792369105,0.7928286852589641,4.4375,16,4,2,150,0.0,None,None,brick,uniform,<class 'keras.optimizers.Adam'>,<function binary_crossentropy at 0x000002B8A86727B8>,<function relu at 0x000002B8ADC76F28>,<function sigmoid at 0x000002B8ADC850D0>
174,100,0.4425919805480926,0.8703703703703703,0.4709721049405189,0.7808764940239044,2.75,64,3,2,100,0.0,None,None,brick,uniform,<class 'keras.optimizers.Adam'>,<function binary_crossentropy at 0x000002B8A86727B8>,<function relu at 0x000002B8ADC76F28>,<function sigmoid at 0x000002B8ADC850D0>
175,50,0.6876920262972513,0.5555555555555556,0.6909800969746959,0.533864542070138,3.3125,8,4,4,50,0.0,None,None,long_funnel,normal,<class 'keras.optimizers.Adam'>,<function binary_crossentropy at 0x000002B8A86727B8>,<function relu at 0x000002B8ADC76F28>,<function sigmoid at 0x000002B8ADC850D0>
176,100,0.4200807793272866,0.8611111177338494,0.4243112894895661,0.8087649487879172,0.5,16,2,3,100,0.0,None,None,brick,normal,<class 'keras.optimizers.Nadam'>,<function binary_crossentropy at 0x000002B8A86727B8>,<function elu at 0x000002B8ADC76C80>,<function sigmoid at 0x000002B8ADC850D0>
177,50,0.6871998574998643,0.5555555555555556,0.6918813985182469,0.5338645418326693,3.875,16,5,1,50,0.0,None,None,brick,normal,<class 'keras.optimizers.Nadam'>,<function binary_crossentropy at 0x000002B8A86727B8>,<function relu at 0x000002B8ADC76F28>,<function sigmoid at 0x000002B8ADC850D0>
178,100,0.4062591988282899,0.8703703764412138,0.4164180948558557,0.8247012036492625,0.5,32,4,3,100,0.0,None,None,brick,normal,<class 'keras.optimizers.Adam'>,<function binary_crossentropy at 0x000002B8A86727B8>,<function elu at 0x000002B8ADC76C80>,<function sigmoid at 0x000002B8ADC850D0>
179,50,0.4623692453045536,0.8703703703703703,0.47233714068315896,0.7928286854964328,2.75,16,4,4,50,0.0,None,None,brick,uniform,<class 'keras.optimizers.Nadam'>,<function binary_crossentropy at 0x000002B8A86727B8>,<function relu at 0x000002B8ADC76F28>,<function sigmoid at 0x000002B8ADC850D0>
180,50,0.42813222255143857,0.8703703772690561,0.45542119698695455,0.804780885280366,0.5,8,3,3,50,0.0,None,None,brick,normal,<class 'keras.optimizers.Adam'>,<function binary_crossentropy at 0x000002B8A86727B8>,<function elu at 0x000002B8ADC76C80>,<function sigmoid at 0x000002B8ADC850D0>
181,150,0.4376868553873565,0.8703703772690561,0.4024813369183664,0.8207171400229769,2.1875,32,3,3,150,0.0,None,None,brick,normal,<class 'keras.optimizers.Adam'>,<function binary_crossentropy at 0x000002B8A86727B8>,<function relu at 0x000002B8ADC76F28>,<function sigmoid at 0x000002B8ADC850D0>
182,150,0.4521197931220134,0.8703703772690561,0.4821946457384592,0.7888446308939581,1.625,8,5,3,150,0.0,None,None,brick,normal,<class 'keras.optimizers.Nadam'>,<function binary_crossentropy at 0x000002B8A86727B8>,<function relu at 0x000002B8ADC76F28>,<function sigmoid at 0x000002B8ADC850D0>
183,50,0.45963506655836545,0.8703703703703703,0.4776820937297734,0.796812749003984,3.875,16,4,2,50,0.0,None,None,long_funnel,uniform,<class 'keras.optimizers.Nadam'>,<function binary_crossentropy at 0x000002B8A86727B8>,<function elu at 0x000002B8ADC76C80>,<function sigmoid at 0x000002B8ADC850D0>
184,150,0.40354028965036076,0.8703703703703703,0.41827854100778045,0.8207171314741036,0.5,32,5,2,150,0.0,None,None,long_funnel,normal,<class 'keras.optimizers.Adam'>,<function binary_crossentropy at 0x000002B8A86727B8>,<function elu at 0x000002B8ADC76C80>,<function sigmoid at 0x000002B8ADC850D0>
185,150,0.45659275887677114,0.8703703703703703,0.4383025178677038,0.8207171314741036,3.3125,32,5,1,150,0.0,None,None,long_funnel,uniform,<class 'keras.optimizers.Adam'>,<function binary_crossentropy at 0x000002B8A86727B8>,<function relu at 0x000002B8ADC76F28>,<function sigmoid at 0x000002B8ADC850D0>
186,100,0.41379018990253963,0.8703703703703703,0.42266757293526397,0.820717131592838,1.0625,8,2,4,100,0.0,None,None,brick,uniform,<class 'keras.optimizers.Adam'>,<function binary_crossentropy at 0x000002B8A86727B8>,<function elu at 0x000002B8ADC76C80>,<function sigmoid at 0x000002B8ADC850D0>
187,50,0.4609459545204623,0.8796296296296297,0.49029760697181246,0.7768924302788844,1.0625,16,4,2,50,0.0,None,None,brick,normal,<class 'keras.optimizers.Nadam'>,<function binary_crossentropy at 0x000002B8A86727B8>,<function relu at 0x000002B8ADC76F28>,<function sigmoid at 0x000002B8ADC850D0>
188,150,0.45560426405076954,0.8796296296296297,0.4394874106026735,0.8207171314741036,3.3125,32,3,1,150,0.0,None,None,long_funnel,normal,<class 'keras.optimizers.Nadam'>,<function binary_crossentropy at 0x000002B8A86727B8>,<function relu at 0x000002B8ADC76F28>,<function sigmoid at 0x000002B8ADC850D0>
189,50,0.40831297249705706,0.8703703703703703,0.44961856373871467,0.8087649402390438,1.0625,16,2,2,50,0.0,None,None,brick,uniform,<class 'keras.optimizers.Adam'>,<function binary_crossentropy at 0x000002B8A86727B8>,<function elu at 0x000002B8ADC76C80>,<function sigmoid at 0x000002B8ADC850D0>
190,100,0.4056819199273984,0.8796296296296297,0.4282126943784881,0.8127490042215324,3.875,32,2,4,100,0.0,None,None,long_funnel,normal,<class 'keras.optimizers.Adam'>,<function binary_crossentropy at 0x000002B8A86727B8>,<function elu at 0x000002B8ADC76C80>,<function sigmoid at 0x000002B8ADC850D0>
191,150,0.4178329386782867,0.8611111111111112,0.4269111722826483,0.8247011952191236,2.1875,16,3,4,150,0.0,None,None,brick,normal,<class 'keras.optimizers.Nadam'>,<function binary_crossentropy at 0x000002B8A86727B8>,<function elu at 0x000002B8ADC76C80>,<function sigmoid at 0x000002B8ADC850D0>
192,150,0.4486122317612171,0.8796296359764205,0.42196697869757377,0.812749012176734,3.875,64,3,3,150,0.0,None,None,brick,uniform,<class 'keras.optimizers.Adam'>,<function binary_crossentropy at 0x000002B8A86727B8>,<function relu at 0x000002B8ADC76F28>,<function sigmoid at 0x000002B8ADC850D0>
193,150,0.40787909733545447,0.8796296296296297,0.41410672342378285,0.8247011952191236,2.1875,8,4,1,150,0.0,None,None,long_funnel,uniform,<class 'keras.optimizers.Adam'>,<function binary_crossentropy at 0x000002B8A86727B8>,<function elu at 0x000002B8ADC76C80>,<function sigmoid at 0x000002B8ADC850D0>
194,150,0.4532533360390045,0.8796296296296297,0.48014658108027064,0.7768924302788844,3.875,32,4,1,150,0.0,None,None,brick,normal,<class 'keras.optimizers.Nadam'>,<function binary_crossentropy at 0x000002B8A86727B8>,<function relu at 0x000002B8ADC76F28>,<function sigmoid at 0x000002B8ADC850D0>
195,100,0.40103855232397717,0.8703703764412138,0.4206911352540986,0.8087649495003233,1.0625,16,2,3,100,0.0,None,None,long_funnel,uniform,<class 'keras.optimizers.Adam'>,<function binary_crossentropy at 0x000002B8A86727B8>,<function elu at 0x000002B8ADC76C80>,<function sigmoid at 0x000002B8ADC850D0>
196,50,0.43854990389405024,0.8703703772690561,0.4794732290375755,0.7768924389464922,2.1875,16,2,3,50,0.0,None,None,brick,uniform,<class 'keras.optimizers.Nadam'>,<function binary_crossentropy at 0x000002B8A86727B8>,<function relu at 0x000002B8ADC76F28>,<function sigmoid at 0x000002B8ADC850D0>
197,50,0.6869845787684122,0.5555555555555556,0.6683944163591679,0.5338645418326693,4.4375,64,3,1,50,0.0,None,None,long_funnel,uniform,<class 'keras.optimizers.Nadam'>,<function binary_crossentropy at 0x000002B8A86727B8>,<function relu at 0x000002B8ADC76F28>,<function sigmoid at 0x000002B8ADC850D0>
198,150,0.4555548453289602,0.8796296359764205,0.48025944964789535,0.7968127580277948,4.4375,16,4,3,150,0.0,None,None,brick,normal,<class 'keras.optimizers.Nadam'>,<function binary_crossentropy at 0x000002B8A86727B8>,<function relu at 0x000002B8ADC76F28>,<function sigmoid at 0x000002B8ADC850D0>
199,100,0.46004475311686593,0.8611111177338494,0.4625127851161586,0.8007968220102835,2.75,32,4,3,100,0.0,None,None,long_funnel,normal,<class 'keras.optimizers.Adam'>,<function binary_crossentropy at 0x000002B8A86727B8>,<function relu at 0x000002B8ADC76F28>,<function sigmoid at 0x000002B8ADC850D0>
200,150,0.4428429459739063,0.8703703764412138,0.44743021749761475,0.8047808859927721,0.5,8,2,3,150,0.0,None,None,brick,normal,<class 'keras.optimizers.Nadam'>,<function binary_crossentropy at 0x000002B8A86727B8>,<function relu at 0x000002B8ADC76F28>,<function sigmoid at 0x000002B8ADC850D0>
201,100,0.4352300143744085,0.8703703703703703,0.5123437504809112,0.7609561752988048,4.4375,64,3,2,100,0.0,None,None,brick,normal,<class 'keras.optimizers.Nadam'>,<function binary_crossentropy at 0x000002B8A86727B8>,<function elu at 0x000002B8ADC76C80>,<function sigmoid at 0x000002B8ADC850D0>
202,150,0.4098021905972726,0.8703703772690561,0.4212600263021144,0.8207171385981648,0.5,8,4,3,150,0.0,None,None,long_funnel,normal,<class 'keras.optimizers.Nadam'>,<function binary_crossentropy at 0x000002B8A86727B8>,<function elu at 0x000002B8ADC76C80>,<function sigmoid at 0x000002B8ADC850D0>
203,150,0.4001835828509044,0.8518518518518519,0.4226299487889199,0.8167330677290837,0.5,32,2,1,150,0.0,None,None,long_funnel,normal,<class 'keras.optimizers.Adam'>,<function binary_crossentropy at 0x000002B8A86727B8>,<function elu at 0x000002B8ADC76C80>,<function sigmoid at 0x000002B8ADC850D0>
204,50,0.4284790660151177,0.8703703772690561,0.45947051322852,0.804780885636569,1.0625,32,3,3,50,0.0,None,None,long_funnel,uniform,<class 'keras.optimizers.Adam'>,<function binary_crossentropy at 0x000002B8A86727B8>,<function elu at 0x000002B8ADC76C80>,<function sigmoid at 0x000002B8ADC850D0>
205,100,0.3880844759168448,0.8796296296296297,0.4086171198651135,0.8207171314741036,2.1875,32,3,4,100,0.0,None,None,long_funnel,normal,<class 'keras.optimizers.Adam'>,<function binary_crossentropy at 0x000002B8A86727B8>,<function elu at 0x000002B8ADC76C80>,<function sigmoid at 0x000002B8ADC850D0>
206,50,0.4169174761390658,0.8611111111111112,0.44356228824541627,0.8087649402390438,1.625,8,2,2,50,0.0,None,None,brick,normal,<class 'keras.optimizers.Adam'>,<function binary_crossentropy at 0x000002B8A86727B8>,<function elu at 0x000002B8ADC76C80>,<function sigmoid at 0x000002B8ADC850D0>
207,100,0.6877239329947366,0.5555555696288744,0.6909463958911212,0.5338645550121824,1.0625,8,5,3,100,0.0,None,None,long_funnel,uniform,<class 'keras.optimizers.Nadam'>,<function binary_crossentropy at 0x000002B8A86727B8>,<function relu at 0x000002B8ADC76F28>,<function sigmoid at 0x000002B8ADC850D0>
208,100,0.4185010463827186,0.8796296359764205,0.44519460407564365,0.8047808843304911,0.5,8,4,3,100,0.0,None,None,brick,uniform,<class 'keras.optimizers.Nadam'>,<function binary_crossentropy at 0x000002B8A86727B8>,<function elu at 0x000002B8ADC76C80>,<function sigmoid at 0x000002B8ADC850D0>
209,50,0.45777506684815444,0.8703703703703703,0.4692855110443921,0.7888446215139442,2.1875,8,5,4,50,0.0,None,None,long_funnel,normal,<class 'keras.optimizers.Nadam'>,<function binary_crossentropy at 0x000002B8A86727B8>,<function relu at 0x000002B8ADC76F28>,<function sigmoid at 0x000002B8ADC850D0>
210,150,0.45308226496184,0.8703703703703703,0.4758568194431203,0.7848605577689243,2.75,32,2,1,150,0.0,None,None,long_funnel,uniform,<class 'keras.optimizers.Nadam'>,<function binary_crossentropy at 0x000002B8A86727B8>,<function relu at 0x000002B8ADC76F28>,<function sigmoid at 0x000002B8ADC850D0>
211,150,0.4218973157306512,0.8703703772690561,0.4104100596289562,0.8207171404979143,1.625,32,3,3,150,0.0,None,None,long_funnel,uniform,<class 'keras.optimizers.Nadam'>,<function binary_crossentropy at 0x000002B8A86727B8>,<function relu at 0x000002B8ADC76F28>,<function sigmoid at 0x000002B8ADC850D0>
212,150,0.3989168272560669,0.8611111185616918,0.39139666877672136,0.82071714037918,3.3125,16,3,3,150,0.0,None,None,brick,uniform,<class 'keras.optimizers.Adam'>,<function binary_crossentropy at 0x000002B8A86727B8>,<function elu at 0x000002B8ADC76C80>,<function sigmoid at 0x000002B8ADC850D0>
213,100,0.39933407573995217,0.8611111111111112,0.4254687051047604,0.8087649402390438,0.5,64,3,2,100,0.0,None,None,long_funnel,normal,<class 'keras.optimizers.Adam'>,<function binary_crossentropy at 0x000002B8A86727B8>,<function elu at 0x000002B8ADC76C80>,<function sigmoid at 0x000002B8ADC850D0>
214,100,0.4172187040870388,0.8703703703703703,0.4408513330130938,0.8087649404765125,1.625,16,2,4,100,0.0,None,None,brick,uniform,<class 'keras.optimizers.Nadam'>,<function binary_crossentropy at 0x000002B8A86727B8>,<function elu at 0x000002B8ADC76C80>,<function sigmoid at 0x000002B8ADC850D0>
215,100,0.4021571735954947,0.8703703772690561,0.4195227413716544,0.8087649495003233,1.0625,64,4,3,100,0.0,None,None,brick,normal,<class 'keras.optimizers.Nadam'>,<function binary_crossentropy at 0x000002B8A86727B8>,<function elu at 0x000002B8ADC76C80>,<function sigmoid at 0x000002B8ADC850D0>
216,150,0.454989412351063,0.8703703703703703,0.4205414667318341,0.8247011952191236,1.0625,32,4,2,150,0.0,None,None,long_funnel,uniform,<class 'keras.optimizers.Adam'>,<function binary_crossentropy at 0x000002B8A86727B8>,<function relu at 0x000002B8ADC76F28>,<function sigmoid at 0x000002B8ADC850D0>
217,100,0.4215213999462624,0.8796296351485782,0.44548630110355486,0.8127490124142027,2.75,64,2,3,100,0.0,None,None,brick,normal,<class 'keras.optimizers.Nadam'>,<function binary_crossentropy at 0x000002B8A86727B8>,<function elu at 0x000002B8ADC76C80>,<function sigmoid at 0x000002B8ADC850D0>
218,50,0.46041111472166246,0.8703703703703703,0.49062511078508725,0.7729083667713332,3.875,8,5,4,50,0.0,None,None,brick,normal,<class 'keras.optimizers.Adam'>,<function binary_crossentropy at 0x000002B8A86727B8>,<function relu at 0x000002B8ADC76F28>,<function sigmoid at 0x000002B8ADC850D0>
219,150,0.4083481774561935,0.8611111185616918,0.4409572318700918,0.8127490119392653,3.3125,32,3,3,150,0.0,None,None,long_funnel,uniform,<class 'keras.optimizers.Adam'>,<function binary_crossentropy at 0x000002B8A86727B8>,<function elu at 0x000002B8ADC76C80>,<function sigmoid at 0x000002B8ADC850D0>
220,100,0.42087813632355797,0.8703703703703703,0.4553362521754793,0.8087649404765125,1.625,32,5,4,100,0.0,None,None,brick,uniform,<class 'keras.optimizers.Adam'>,<function binary_crossentropy at 0x000002B8A86727B8>,<function elu at 0x000002B8ADC76C80>,<function sigmoid at 0x000002B8ADC850D0>
221,50,0.4442188166358392,0.8703703703703703,0.486175383011423,0.7808764940239044,3.875,8,3,1,50,0.0,None,None,long_funnel,normal,<class 'keras.optimizers.Adam'>,<function binary_crossentropy at 0x000002B8A86727B8>,<function relu at 0x000002B8ADC76F28>,<function sigmoid at 0x000002B8ADC850D0>
222,50,0.42420281500866014,0.8703703703703703,0.45396580664715563,0.8047808764940239,1.625,8,3,2,50,0.0,None,None,brick,normal,<class 'keras.optimizers.Nadam'>,<function binary_crossentropy at 0x000002B8A86727B8>,<function elu at 0x000002B8ADC76C80>,<function sigmoid at 0x000002B8ADC850D0>
223,50,0.4196527163601584,0.888888894683785,0.4581613316427011,0.8127490122954684,0.5,32,5,3,50,0.0,None,None,long_funnel,uniform,<class 'keras.optimizers.Adam'>,<function binary_crossentropy at 0x000002B8A86727B8>,<function elu at 0x000002B8ADC76C80>,<function sigmoid at 0x000002B8ADC850D0>
224,100,0.4542764995454086,0.8703703703703703,0.4618493190918311,0.7968127492414527,4.4375,8,2,4,100,0.0,None,None,brick,uniform,<class 'keras.optimizers.Nadam'>,<function binary_crossentropy at 0x000002B8A86727B8>,<function relu at 0x000002B8ADC76F28>,<function sigmoid at 0x000002B8ADC850D0>
225,100,0.38718163601502226,0.8703703703703703,0.4123623284151355,0.8167330679665523,1.625,32,5,4,100,0.0,None,None,brick,normal,<class 'keras.optimizers.Nadam'>,<function binary_crossentropy at 0x000002B8A86727B8>,<function elu at 0x000002B8ADC76C80>,<function sigmoid at 0x000002B8ADC850D0>
226,50,0.4159005980386778,0.8703703703703703,0.46222897543315866,0.8007968127490039,1.625,32,4,2,50,0.0,None,None,long_funnel,uniform,<class 'keras.optimizers.Adam'>,<function binary_crossentropy at 0x000002B8A86727B8>,<function elu at 0x000002B8ADC76C80>,<function sigmoid at 0x000002B8ADC850D0>
227,50,0.45439617791109616,0.8611111185616918,0.47831509194051125,0.7888446306564894,3.3125,16,4,3,50,0.0,None,None,long_funnel,uniform,<class 'keras.optimizers.Nadam'>,<function binary_crossentropy at 0x000002B8A86727B8>,<function relu at 0x000002B8ADC76F28>,<function sigmoid at 0x000002B8ADC850D0>
228,100,0.5672442481025226,0.8240740740740741,0.581210776236821,0.7211155378486056,4.4375,64,4,1,100,0.0,None,None,long_funnel,uniform,<class 'keras.optimizers.Adam'>,<function binary_crossentropy at 0x000002B8A86727B8>,<function relu at 0x000002B8ADC76F28>,<function sigmoid at 0x000002B8ADC850D0>
229,100,0.4125857002067345,0.8703703703703703,0.4430516500515767,0.8087649403577781,1.0625,16,3,4,100,0.0,None,None,long_funnel,uniform,<class 'keras.optimizers.Adam'>,<function binary_crossentropy at 0x000002B8A86727B8>,<function elu at 0x000002B8ADC76C80>,<function sigmoid at 0x000002B8ADC850D0>
230,50,0.4451510498864132,0.8703703703703703,0.4762538751997653,0.7768924302788844,2.1875,32,5,1,50,0.0,None,None,long_funnel,normal,<class 'keras.optimizers.Adam'>,<function binary_crossentropy at 0x000002B8A86727B8>,<function relu at 0x000002B8ADC76F28>,<function sigmoid at 0x000002B8ADC850D0>
231,100,0.4109238630195183,0.8981481481481481,0.43684755731002983,0.8087649402390438,1.0625,8,3,2,100,0.0,None,None,brick,uniform,<class 'keras.optimizers.Nadam'>,<function binary_crossentropy at 0x000002B8A86727B8>,<function elu at 0x000002B8ADC76C80>,<function sigmoid at 0x000002B8ADC850D0>
232,50,0.4093137463485753,0.8796296296296297,0.44268127361616766,0.8007968128677383,1.0625,64,2,4,50,0.0,None,None,brick,normal,<class 'keras.optimizers.Nadam'>,<function binary_crossentropy at 0x000002B8A86727B8>,<function elu at 0x000002B8ADC76C80>,<function sigmoid at 0x000002B8ADC850D0>
233,100,0.6875974651839998,0.5555555696288744,0.6912464017412102,0.5338645553683855,3.3125,16,5,3,100,0.0,None,None,brick,normal,<class 'keras.optimizers.Nadam'>,<function binary_crossentropy at 0x000002B8A86727B8>,<function relu at 0x000002B8ADC76F28>,<function sigmoid at 0x000002B8ADC850D0>
234,50,0.45569802438236634,0.8611111111111112,0.45933696504058946,0.8127490039840638,1.0625,16,4,2,50,0.0,None,None,long_funnel,uniform,<class 'keras.optimizers.Adam'>,<function binary_crossentropy at 0x000002B8A86727B8>,<function relu at 0x000002B8ADC76F28>,<function sigmoid at 0x000002B8ADC850D0>
235,50,0.6185553708562145,0.8148148148148148,0.6386785806742018,0.5976095617529881,2.1875,64,2,1,50,0.0,None,None,long_funnel,uniform,<class 'keras.optimizers.Nadam'>,<function binary_crossentropy at 0x000002B8A86727B8>,<function relu at 0x000002B8ADC76F28>,<function sigmoid at 0x000002B8ADC850D0>
236,100,0.4172173175072573,0.8796296296296297,0.4103515766759631,0.8286852589641435,0.5,64,5,1,100,0.0,None,None,brick,uniform,<class 'keras.optimizers.Adam'>,<function binary_crossentropy at 0x000002B8A86727B8>,<function relu at 0x000002B8ADC76F28>,<function sigmoid at 0x000002B8ADC850D0>
237,50,0.43102998793970243,0.8888888888888888,0.4863822855474149,0.7689243027888446,2.75,16,5,2,50,0.0,None,None,brick,uniform,<class 'keras.optimizers.Nadam'>,<function binary_crossentropy at 0x000002B8A86727B8>,<function elu at 0x000002B8ADC76C80>,<function sigmoid at 0x000002B8ADC850D0>
238,50,0.4140823502783422,0.8703703703703703,0.4512533195227741,0.8087649404765125,2.1875,32,5,4,50,0.0,None,None,brick,normal,<class 'keras.optimizers.Adam'>,<function binary_crossentropy at 0x000002B8A86727B8>,<function elu at 0x000002B8ADC76C80>,<function sigmoid at 0x000002B8ADC850D0>
239,150,0.42791746171685563,0.8888888888888888,0.431399242531561,0.8127490039840638,3.875,32,2,1,150,0.0,None,None,long_funnel,normal,<class 'keras.optimizers.Adam'>,<function binary_crossentropy at 0x000002B8A86727B8>,<function elu at 0x000002B8ADC76C80>,<function sigmoid at 0x000002B8ADC850D0>
240,100,0.4348415958879699,0.8611111111111112,0.4404863053688335,0.8167330677290837,3.875,32,2,1,100,0.0,None,None,long_funnel,uniform,<class 'keras.optimizers.Adam'>,<function binary_crossentropy at 0x000002B8A86727B8>,<function elu at 0x000002B8ADC76C80>,<function sigmoid at 0x000002B8ADC850D0>
241,50,0.4021702686376456,0.8703703764412138,0.4466952483551911,0.8007968223664865,1.625,32,5,3,50,0.0,None,None,long_funnel,normal,<class 'keras.optimizers.Adam'>,<function binary_crossentropy at 0x000002B8A86727B8>,<function elu at 0x000002B8ADC76C80>,<function sigmoid at 0x000002B8ADC850D0>
242,50,0.5114969557088679,0.8703703703703703,0.586057990242125,0.7290836653386454,3.3125,64,5,2,50,0.0,None,None,long_funnel,normal,<class 'keras.optimizers.Nadam'>,<function binary_crossentropy at 0x000002B8A86727B8>,<function elu at 0x000002B8ADC76C80>,<function sigmoid at 0x000002B8ADC850D0>
243,100,0.4361399703926441,0.8703703703703703,0.4457526504696603,0.8087649402390438,3.875,16,2,2,100,0.0,None,None,long_funnel,uniform,<class 'keras.optimizers.Adam'>,<function binary_crossentropy at 0x000002B8A86727B8>,<function elu at 0x000002B8ADC76C80>,<function sigmoid at 0x000002B8ADC850D0>
244,100,0.4212635079467738,0.8796296296296297,0.4399061230311831,0.8167330679665523,0.5,8,2,4,100,0.0,None,None,brick,normal,<class 'keras.optimizers.Adam'>,<function binary_crossentropy at 0x000002B8A86727B8>,<function elu at 0x000002B8ADC76C80>,<function sigmoid at 0x000002B8ADC850D0>
